experiment,n_folds,n_per_fold,accuracy_mean,accuracy_std,macro_f1_mean,macro_f1_std,macro_precision_mean,macro_recall_mean
mobilenetv2_original_5fold_freeze,5,180,0.8655555555555555,0.025579698740491867,0.86552890181945,0.025312346706198533,0.8925888597321361,0.8655555555555555
